Task,Encoder,Classifier,Word,Accuracy,ci_lower,mean,ci_upper,Target
animacy,ELMo,1024,the_1,97.27142857,96.975,97.26663421,97.72,object
animacy,ELMo,1024,lawyers,84.56666667,77.8,84.88183833,97.1,object
animacy,ELMo,1024,questioned,99.95882353,99.9,99.95857275,100,object
animacy,ELMo,1024,the_2,100,100,100,100,object
animacy,ELMo,1024,judge,99.99375,99.97857143,99.99385728,100,object
animacy,ELMo,1024_1024_1024,the_1,96.325,95.5375,96.33752935,96.8,object
animacy,ELMo,1024_1024_1024,lawyers,94,94,94,94,object
animacy,ELMo,1024_1024_1024,questioned,99.8,99.8,99.8,99.8,object
animacy,ELMo,1024_1024_1024,the_2,100,100,100,100,object
animacy,ELMo,1024_1024_1024,judge,99.60588235,98.914875,99.6059032,100,object
animacy,ELMo,20_20_20,the_1,98.25909091,98.1,98.25961794,98.4125,object
animacy,ELMo,20_20_20,lawyers,93.575,90.43272059,93.58903741,96.19372464,object
animacy,ELMo,20_20_20,questioned,99.75151515,99.56128584,99.75106595,99.91819024,object
animacy,ELMo,20_20_20,the_2,99.24482759,98.56347403,99.24583787,99.83489519,object
animacy,ELMo,20_20_20,judge,98.87096774,98.18682806,98.87897213,99.5679789,object
gender,ELMo,1024,the_1,63.63529412,63.18569643,63.62607744,64.03185606,object
gender,ELMo,1024,lawyers,63.69,62.61373626,63.7157081,64.88348684,object
gender,ELMo,1024,questioned,86.95,86.8,86.94769218,87.1,object
gender,ELMo,1024,the_2,77.15,66,77.24416246,88.3,object
gender,ELMo,1024,judge,87.2969697,85.8775,87.29778739,88.6040407,object
gender,ELMo,1024_1024_1024,the_2,85.3,85.3,85.3,85.3,object
gender,ELMo,1024_1024_1024,judge,89.33333333,88.3,89.32917208,89.9,object
gender,ELMo,20_20_20,the_1,63.63529412,63.18569643,63.62607744,64.03185606,object
gender,ELMo,20_20_20,lawyers,63.69,62.61373626,63.7157081,64.88348684,object
gender,ELMo,20_20_20,questioned,91.79565217,90.89990741,91.79919278,92.55727679,object
gender,ELMo,20_20_20,the_2,85.39130435,81.92857143,85.47135593,88.3,object
gender,ELMo,20_20_20,judge,86.8137931,85.27669872,86.80460042,87.99401026,object
number,ELMo,1024,the_1,78.44666667,78.1142619,78.44145274,78.80717262,object
number,ELMo,1024,lawyers,73.5,72.62374483,73.52240269,74.37282567,object
number,ELMo,1024,questioned,99.05,99,99.05260085,99.1,object
number,ELMo,1024,the_2,100,100,100,100,object
number,ELMo,1024,judge,100,100,100,100,object
number,ELMo,1024_1024_1024,the_2,100,100,100,100,object
number,ELMo,1024_1024_1024,judge,100,100,100,100,object
number,ELMo,20_20_20,the_1,78.44666667,78.1142619,78.44145274,78.80717262,object
number,ELMo,20_20_20,lawyers,73.5,72.62374483,73.52240269,74.37282567,object
number,ELMo,20_20_20,questioned,98.42564103,98.12682692,98.42549054,98.69375319,object
number,ELMo,20_20_20,the_2,100,100,100,100,object
number,ELMo,20_20_20,judge,99.975,99.925,99.97461184,100,object
animacy,ELMo,1024,the_1,100,100,100,100,subject
animacy,ELMo,1024,lawyers,100,100,100,100,subject
animacy,ELMo,1024,questioned,99.94054054,99.87072812,99.94219934,100,subject
animacy,ELMo,1024,the_2,99.935,99.85711429,99.93407111,99.996,subject
animacy,ELMo,1024,judge,90.2625,84.48253968,90.1160235,95.97625,subject
animacy,ELMo,1024_1024_1024,the_1,100,100,100,100,subject
animacy,ELMo,1024_1024_1024,lawyers,100,100,100,100,subject
animacy,ELMo,1024_1024_1024,questioned,100,100,100,100,subject
animacy,ELMo,1024_1024_1024,the_2,100,100,100,100,subject
animacy,ELMo,1024_1024_1024,judge,98,98,98,98,subject
animacy,ELMo,20_20_20,the_1,100,100,100,100,subject
animacy,ELMo,20_20_20,lawyers,98.8862069,98.06074783,98.88721606,99.61411494,subject
animacy,ELMo,20_20_20,questioned,99.90645161,99.75760714,99.90648208,99.99642857,subject
animacy,ELMo,20_20_20,the_2,99.93666667,99.79642526,99.93818566,100,subject
animacy,ELMo,20_20_20,judge,96.16785714,94.35365385,96.20715452,97.73773438,subject
gender,ELMo,1024,the_1,84.925,82.8,84.8888272,86,subject
gender,ELMo,1024,lawyers,87.51333333,86.73153272,87.51505347,88.15203929,subject
gender,ELMo,1024,questioned,98.65,98.1665625,98.63966181,99.12005556,subject
gender,ELMo,1024,the_2,97.3,97.3,97.3,97.3,subject
gender,ELMo,1024,judge,93.775,92.5,93.77758495,94.7,subject
gender,ELMo,1024_1024_1024,the_1,76.7,76.7,76.7,76.7,subject
gender,ELMo,1024_1024_1024,lawyers,70.9,70.9,70.9,70.9,subject
gender,ELMo,1024_1024_1024,questioned,100,100,100,100,subject
gender,ELMo,1024_1024_1024,the_2,98.7,98.7,98.7,98.7,subject
gender,ELMo,20_20_20,the_1,89.47333333,87.40630769,89.47092033,91.02241667,subject
gender,ELMo,20_20_20,lawyers,87.46551724,85.52288462,87.41787285,88.3,subject
gender,ELMo,20_20_20,questioned,99.57647059,99.27032986,99.57786009,99.83011207,subject
gender,ELMo,20_20_20,the_2,99.47,98.83445833,99.4651992,99.90719156,subject
gender,ELMo,20_20_20,judge,61.3,61.3,61.3,61.3,subject
number,ELMo,1024,the_1,100,100,100,100,subject
number,ELMo,1024,lawyers,100,100,100,100,subject
number,ELMo,1024,questioned,99.21428571,98.725,99.21670898,99.68891667,subject
number,ELMo,1024,the_2,97.3,97.3,97.3,97.3,subject
number,ELMo,1024,judge,93.775,92.5,93.77758495,94.7,subject
number,ELMo,1024_1024_1024,the_1,100,100,100,100,subject
number,ELMo,1024_1024_1024,lawyers,100,100,100,100,subject
number,ELMo,1024_1024_1024,questioned,99.9,99.9,99.9,99.9,subject
number,ELMo,1024_1024_1024,the_2,94.15,93.7,94.1690128,94.6,subject
number,ELMo,20_20_20,the_1,100,100,100,100,subject
number,ELMo,20_20_20,lawyers,100,100,100,100,subject
number,ELMo,20_20_20,questioned,99.77105263,99.59519585,99.77357783,99.92516447,subject
number,ELMo,20_20_20,the_2,96.39545455,96.04982143,96.38959252,96.71541667,subject
number,ELMo,20_20_20,judge,92.66785714,92.48141447,92.66875853,92.8759392,subject
causative,ELMo,1024,the_1,90.9,90.6,90.91058776,91.2,verb
causative,ELMo,1024,lawyers,77.8,77.8,77.8,77.8,verb
causative,ELMo,1024,questioned,93.62051282,93.11832399,93.61599224,93.98667105,verb
causative,ELMo,1024,the_2,86.58461538,83.19354911,86.69120239,90.08375,verb
causative,ELMo,1024,judge,87.43333333,85.475,87.42552791,88.7,verb
causative,ELMo,1024_1024_1024,lawyers,76.2,76.2,76.2,76.2,verb
causative,ELMo,1024_1024_1024,questioned,93.34,91.33333333,93.33788839,94.32625,verb
causative,ELMo,1024_1024_1024,judge,90.6,88.9,90.68593407,92.3,verb
causative,ELMo,20_20_20,the_1,90.896,90.83887255,90.8983182,90.95518199,verb
causative,ELMo,20_20_20,lawyers,75.98484848,75.51890476,75.98291221,76.48071272,verb
causative,ELMo,20_20_20,questioned,92.54857143,91.38854464,92.53429159,93.62924632,verb
causative,ELMo,20_20_20,the_2,91.271875,89.95762384,91.26012441,92.37285354,verb
causative,ELMo,20_20_20,judge,86.91176471,86.25189048,86.90902684,87.63545343,verb
dynamic,ELMo,1024,the_1,89.72222222,88.68325,89.72936501,90.666875,verb
dynamic,ELMo,1024,lawyers,82.8,80.7,82.84082603,84.96833333,verb
dynamic,ELMo,1024,questioned,89.00416667,87.94023521,88.99895065,89.93337838,verb
dynamic,ELMo,1024,the_2,82.32608696,81.99110507,82.33066634,82.67600476,verb
dynamic,ELMo,1024,judge,74.8,73.77715909,74.79087713,75.66254464,verb
dynamic,ELMo,1024_1024_1024,the_1,90.54,89.45,90.54867288,91.6,verb
dynamic,ELMo,1024_1024_1024,lawyers,87.7,87.7,87.7,87.7,verb
dynamic,ELMo,1024_1024_1024,questioned,87.10909091,83.65668269,87.15410273,90.30022727,verb
dynamic,ELMo,1024_1024_1024,the_2,83.84545455,83.11985714,83.85881056,84.59113636,verb
dynamic,ELMo,1024_1024_1024,judge,72.2,71.1,72.21303435,74,verb
dynamic,ELMo,20_20_20,the_1,90.73076923,90.36968531,90.73226672,91.02146104,verb
dynamic,ELMo,20_20_20,lawyers,84.944,84.50963548,84.95272643,85.35833333,verb
dynamic,ELMo,20_20_20,questioned,89.87567568,89.20414894,89.88605435,90.49675,verb
dynamic,ELMo,20_20_20,the_2,80.425,79.59964286,80.43835681,81.37730519,verb
dynamic,ELMo,20_20_20,judge,74.4,74.18821026,74.39726767,74.64891667,verb
tense,ELMo,1024,the_1,99.12307692,98.1690625,99.14038578,99.65461039,verb
tense,ELMo,1024,lawyers,95.975,93.94611111,95.98434786,97.78252273,verb
tense,ELMo,1024,questioned,99.79375,99.4453442,99.80667185,99.99800536,verb
tense,ELMo,1024,the_2,98.975,97.01916667,98.97612339,100,verb
tense,ELMo,1024,judge,97.46,93.15666667,97.49569479,100,verb
tense,ELMo,1024_1024_1024,the_1,99.63333333,99.179375,99.65075661,100,verb
tense,ELMo,1024_1024_1024,lawyers,96.8625,94.9995,96.88231031,98.65717262,verb
tense,ELMo,1024_1024_1024,questioned,99.86551724,99.56153846,99.86615332,100,verb
tense,ELMo,1024_1024_1024,the_2,100,100,100,100,verb
tense,ELMo,1024_1024_1024,judge,100,100,100,100,verb
tense,ELMo,20_20_20,the_1,98.76666667,97.95781661,98.74555362,99.39716146,verb
tense,ELMo,20_20_20,lawyers,97.11764706,96.05992857,97.09595162,97.88423026,verb
tense,ELMo,20_20_20,questioned,99.06969697,98.35628247,99.06767267,99.67302448,verb
tense,ELMo,20_20_20,the_2,99.90322581,99.75157258,99.90143715,99.98889881,verb
tense,ELMo,20_20_20,judge,98.2,97.48414063,98.20834134,98.82975038,verb
animacy,BERT,1024,the_1,98.5,98.1,98.49654016,98.8,object
animacy,BERT,1024,lawyers,99.28571429,99.23333333,99.2868367,99.34,object
animacy,BERT,1024,questioned,99.33846154,99.08329545,99.33431302,99.54289683,object
animacy,BERT,1024,the_2,99.96,99.93888889,99.95961406,99.9812642,object
animacy,BERT,1024,judge,100,100,100,100,object
animacy,BERT,1024_1024_1024,the_1,98.73333333,98.1,98.73669334,99.2,object
animacy,BERT,1024_1024_1024,lawyers,97.4,97.4,97.4,97.4,object
animacy,BERT,1024_1024_1024,questioned,97.4,96.9,97.39447963,98.1,object
animacy,BERT,1024_1024_1024,the_2,99.98,99.93333333,99.97950089,100,object
animacy,BERT,1024_1024_1024,judge,100,100,100,100,object
animacy,BERT,20_20_20,the_1,98.22666667,98.09669859,98.22712882,98.31666667,object
animacy,BERT,20_20_20,lawyers,98.74166667,98.59564182,98.74368052,98.9,object
animacy,BERT,20_20_20,questioned,98.52903226,98.38789677,98.53054115,98.70025641,object
animacy,BERT,20_20_20,the_2,99.93888889,99.92307692,99.93892765,99.95517468,object
animacy,BERT,20_20_20,judge,99.99705882,99.99032061,99.99700577,100,object
animacy,ELMo,1024,the_1,97.27142857,96.98,97.27629809,97.776875,object
animacy,ELMo,1024,lawyers,84.56666667,77.8,84.40468017,97.1,object
animacy,ELMo,1024,questioned,99.95882353,99.90584399,99.95991577,100,object
animacy,ELMo,1024,the_2,100,100,100,100,object
animacy,ELMo,1024,judge,99.99375,99.98,99.99422466,100,object
animacy,ELMo,1024_1024_1024,the_1,96.325,95.4,96.32297017,96.8,object
animacy,ELMo,1024_1024_1024,lawyers,94,94,94,94,object
animacy,ELMo,1024_1024_1024,questioned,99.8,99.8,99.8,99.8,object
animacy,ELMo,1024_1024_1024,the_2,100,100,100,100,object
animacy,ELMo,1024_1024_1024,judge,99.60588235,98.92638462,99.6069944,100,object
animacy,ELMo,20_20_20,the_1,98.25909091,98.08233957,98.25941885,98.41767463,object
animacy,ELMo,20_20_20,lawyers,93.575,90.39960526,93.56769027,96.24894255,object
animacy,ELMo,20_20_20,questioned,99.75151515,99.55881846,99.75545017,99.91673077,object
animacy,ELMo,20_20_20,the_2,99.24482759,98.59992647,99.26392971,99.83483897,object
animacy,ELMo,20_20_20,judge,98.87096774,98.10286834,98.86361054,99.52629685,object
animacy,GLoVe,1024,the_1,51.2,51.2,51.2,51.2,object
animacy,GLoVe,1024,lawyers,51.2,51.2,51.2,51.2,object
animacy,GLoVe,1024,questioned,51.2,51.2,51.2,51.2,object
animacy,GLoVe,1024,the_2,51.2,51.2,51.2,51.2,object
animacy,GLoVe,1024,judge,82.18,75.82243911,82.07356356,88.50824118,object
animacy,GLoVe,1024_1024_1024,the_1,51.2,51.2,51.2,51.2,object
animacy,GLoVe,1024_1024_1024,lawyers,51.2,51.2,51.2,51.2,object
animacy,GLoVe,1024_1024_1024,questioned,51.188,51.15858374,51.18769074,51.2,object
animacy,GLoVe,1024_1024_1024,the_2,51.2,51.2,51.2,51.2,object
animacy,GLoVe,1024_1024_1024,judge,66.816,60.61754386,66.81640368,73.11144898,object
animacy,GLoVe,20_20_20,the_1,51.2,51.2,51.2,51.2,object
animacy,GLoVe,20_20_20,lawyers,53.582,52.96353355,53.58298794,54.18297872,object
animacy,GLoVe,20_20_20,questioned,51.204,51.2,51.20393518,51.21363636,object
animacy,GLoVe,20_20_20,the_2,51.2,51.2,51.2,51.2,object
animacy,GLoVe,20_20_20,judge,72.61,66.30300912,72.69738236,79.42856895,object
animacy,GPT,1024,the_1,51.2,51.2,51.2,51.2,object
animacy,GPT,1024,lawyers,51.2,51.2,51.2,51.2,object
animacy,GPT,1024,questioned,51.298,51.2,51.29909697,51.46095039,object
animacy,GPT,1024,the_2,51.2,51.2,51.2,51.2,object
animacy,GPT,1024,judge,78.398,72.4097963,78.51103673,84.16647863,object
animacy,GPT,1024_1024_1024,the_1,51.2,51.2,51.2,51.2,object
animacy,GPT,1024_1024_1024,lawyers,51.2,51.2,51.2,51.2,object
animacy,GPT,1024_1024_1024,questioned,51.274,51.13204282,51.27541549,51.53418691,object
animacy,GPT,1024_1024_1024,the_2,51.232,51.12978723,51.22969158,51.35584559,object
animacy,GPT,1024_1024_1024,judge,63.25,58.04438397,63.26271951,69.40432181,object
animacy,GPT,20_20_20,the_1,51.2,51.2,51.2,51.2,object
animacy,GPT,20_20_20,lawyers,52.19,51.83241726,52.18179787,52.53680425,object
animacy,GPT,20_20_20,questioned,51.714,51.38880303,51.70937766,52.04424342,object
animacy,GPT,20_20_20,the_2,51.838,51.482475,51.83852586,52.22505208,object
animacy,GPT,20_20_20,judge,77.748,72.18110251,77.75970502,82.93236702,object
gender,BERT,1024,the_1,62.5,62.5,62.5,62.5,object
gender,BERT,1024,lawyers,71.45,70.6,71.4328223,72.3,object
gender,BERT,1024,questioned,75.8,75.8,75.8,75.8,object
gender,BERT,1024,the_2,81.375,78.65,81.46506514,85.2,object
gender,BERT,1024,judge,90.25,89.0619375,90.28598027,91.53375,object
gender,BERT,1024_1024_1024,the_2,79.8,79.8,79.8,79.8,object
gender,BERT,20_20_20,the_1,67.73846154,66.9636244,67.75830149,68.5523279,object
gender,BERT,20_20_20,lawyers,77.73448276,76.91205592,77.72278673,78.49175,object
gender,BERT,20_20_20,questioned,80.044,79.26201724,80.05500429,80.75017857,object
gender,BERT,20_20_20,the_2,81.44,80.90433172,81.44169405,81.94862689,object
gender,BERT,20_20_20,judge,91.11212121,90.66467181,91.11467824,91.53516585,object
gender,ELMo,1024,the_1,62.1,62.1,62.1,62.1,object
gender,ELMo,1024,lawyers,61,61,61,61,object
gender,ELMo,1024,the_2,88.3,88.3,88.3,88.3,object
gender,ELMo,1024,judge,88.48333333,87.47026351,88.48121249,89.28113739,object
gender,ELMo,1024_1024_1024,the_2,88.3,88.3,88.3,88.3,object
gender,ELMo,1024_1024_1024,judge,85.46666667,77.3,85.26106187,90.8,object
gender,ELMo,20_20_20,the_1,63.56923077,62.91378968,63.56157703,64.12889881,object
gender,ELMo,20_20_20,lawyers,63.79230769,62.2328125,63.79627152,65.45053571,object
gender,ELMo,20_20_20,questioned,92.63333333,92.32193815,92.62848496,92.87605652,object
gender,ELMo,20_20_20,the_2,85.42258065,82.43071594,85.38586125,87.603125,object
gender,ELMo,20_20_20,judge,85.28571429,83.47023765,85.30183001,86.89304616,object
gender,GLoVe,1024,the_1,44,44,44,44,object
gender,GLoVe,1024,lawyers,44,44,44,44,object
gender,GLoVe,1024,questioned,44.102,44,44.10481111,44.28574534,object
gender,GLoVe,1024,the_2,44,44,44,44,object
gender,GLoVe,1024,judge,95.52,90.85620609,95.47303471,98.90196078,object
gender,GLoVe,1024_1024_1024,the_1,44,44,44,44,object
gender,GLoVe,1024_1024_1024,lawyers,44,44,44,44,object
gender,GLoVe,1024_1024_1024,questioned,44.006,44,44.00630319,44.02094269,object
gender,GLoVe,1024_1024_1024,the_2,44,44,44,44,object
gender,GLoVe,1024_1024_1024,judge,76.246,68.74238695,76.25318037,83.42540497,object
gender,GLoVe,20_20_20,the_1,44,44,44,44,object
gender,GLoVe,20_20_20,lawyers,47.362,46.21738205,47.35898073,48.68346154,object
gender,GLoVe,20_20_20,questioned,48.378,47.42328922,48.38695327,49.33933298,object
gender,GLoVe,20_20_20,the_2,44,44,44,44,object
gender,GLoVe,20_20_20,judge,78.486,70.62211663,78.48836406,85.49699465,object
gender,GPT,1024,the_1,44,44,44,44,object
gender,GPT,1024,lawyers,44,44,44,44,object
gender,GPT,1024,questioned,44,44,44,44,object
gender,GPT,1024,the_2,44,44,44,44,object
gender,GPT,1024,judge,70.488,63.13614043,70.74270953,78.1921875,object
gender,GPT,1024_1024_1024,the_1,44,44,44,44,object
gender,GPT,1024_1024_1024,lawyers,44,44,44,44,object
gender,GPT,1024_1024_1024,questioned,44.168,44,44.17213487,44.58604651,object
gender,GPT,1024_1024_1024,the_2,44,44,44,44,object
gender,GPT,1024_1024_1024,judge,45.054,44,45.02247314,47.51333333,object
gender,GPT,20_20_20,the_1,44,44,44,44,object
gender,GPT,20_20_20,lawyers,47.144,45.87008291,47.19556574,48.53213565,object
gender,GPT,20_20_20,questioned,48.158,47.16714971,48.15651385,49.16256541,object
gender,GPT,20_20_20,the_2,47.34,46.44110391,47.34751136,48.21537123,object
gender,GPT,20_20_20,judge,79.922,73.10443452,80.14573331,86.9127689,object
number,BERT,1024,the_1,94.95384615,94.42975,94.94860482,95.458375,object
number,BERT,1024,lawyers,94.73636364,93.89979167,94.73650196,95.57146104,object
number,BERT,1024,questioned,98.25555556,98.11428571,98.25751042,98.41010714,object
number,BERT,1024,the_2,99.08571429,99.02305556,99.08664869,99.15,object
number,BERT,1024,judge,99.740625,99.6906883,99.73931956,99.78461538,object
number,BERT,1024_1024_1024,lawyers,94.65,94.1,94.64615993,95.2,object
number,BERT,1024_1024_1024,questioned,97.66666667,97.5,97.65979137,98,object
number,BERT,1024_1024_1024,the_2,98.9,98.7,98.89859842,99.10022727,object
number,BERT,1024_1024_1024,judge,99.6,99.52139286,99.59822296,99.66925,object
number,BERT,20_20_20,the_1,94.31470588,94.11602581,94.31098133,94.49477227,object
number,BERT,20_20_20,lawyers,93.99090909,93.69753862,93.99175127,94.30776786,object
number,BERT,20_20_20,questioned,97.48285714,97.37058029,97.47934784,97.59428571,object
number,BERT,20_20_20,the_2,99.02571429,98.96757353,99.02662929,99.0812642,object
number,BERT,20_20_20,judge,99.59259259,99.54090488,99.59211141,99.6385,object
number,ELMo,1024,questioned,98.21428571,97.124625,98.21763557,99.14486111,object
number,ELMo,1024,the_2,100,100,100,100,object
number,ELMo,1024,judge,100,100,100,100,object
number,ELMo,1024_1024_1024,questioned,96.7,96.7,96.7,96.7,object
number,ELMo,1024_1024_1024,the_2,100,100,100,100,object
number,ELMo,1024_1024_1024,judge,100,100,100,100,object
number,ELMo,20_20_20,the_1,78.15625,78.0125,78.15581298,78.27696429,object
number,ELMo,20_20_20,lawyers,73.21071429,71.79988636,73.21242196,74.32132632,object
number,ELMo,20_20_20,questioned,98.7,98.45934224,98.6959075,98.88421464,object
number,ELMo,20_20_20,the_2,100,100,100,100,object
number,ELMo,20_20_20,judge,99.99459459,99.98235294,99.99479042,100,object
number,GLoVe,1024,the_1,46.2,46.2,46.2,46.2,object
number,GLoVe,1024,lawyers,46.318,46.21859787,46.31929612,46.4375125,object
number,GLoVe,1024,questioned,46.278,46.2055518,46.2763446,46.3762465,object
number,GLoVe,1024,the_2,46.2,46.2,46.2,46.2,object
number,GLoVe,1024,judge,100,100,100,100,object
number,GLoVe,1024_1024_1024,the_1,46.2,46.2,46.2,46.2,object
number,GLoVe,1024_1024_1024,lawyers,46.2,46.2,46.2,46.2,object
number,GLoVe,1024_1024_1024,questioned,46.2,46.2,46.2,46.2,object
number,GLoVe,1024_1024_1024,the_2,46.2,46.2,46.2,46.2,object
number,GLoVe,1024_1024_1024,judge,83.826,77.02679252,83.85250935,90.19431166,object
number,GLoVe,20_20_20,the_1,46.2,46.2,46.2,46.2,object
number,GLoVe,20_20_20,lawyers,49.348,48.68243056,49.36031503,50.05572327,object
number,GLoVe,20_20_20,questioned,47.35,46.97557998,47.35633904,47.71643724,object
number,GLoVe,20_20_20,the_2,46.2,46.2,46.2,46.2,object
number,GLoVe,20_20_20,judge,68.306,61.14794924,68.40794643,75.93606774,object
number,GPT,1024,the_1,46.2,46.2,46.2,46.2,object
number,GPT,1024,lawyers,46.2,46.2,46.2,46.2,object
number,GPT,1024,questioned,46.198,46.19318182,46.19785147,46.2,object
number,GPT,1024,the_2,46.2,46.2,46.2,46.2,object
number,GPT,1024,judge,59.658,57.50162273,59.62378351,61.77656392,object
number,GPT,1024_1024_1024,the_1,46.2,46.2,46.2,46.2,object
number,GPT,1024_1024_1024,lawyers,46.252,46.2,46.2509531,46.39265278,object
number,GPT,1024_1024_1024,questioned,46.2,46.2,46.2,46.2,object
number,GPT,1024_1024_1024,the_2,46.2,46.2,46.2,46.2,object
number,GPT,1024_1024_1024,judge,47.518,46.51595714,47.49334389,48.76841964,object
number,GPT,20_20_20,the_1,46.2,46.2,46.2,46.2,object
number,GPT,20_20_20,lawyers,46.928,46.59606453,46.92514951,47.28614535,object
number,GPT,20_20_20,questioned,47.952,47.49704082,47.95131904,48.42467273,object
number,GPT,20_20_20,the_2,48.108,47.66775833,48.09975208,48.52450298,object
number,GPT,20_20_20,judge,60.964,58.64289272,61.00893287,63.08122109,object
animacy,BERT,1024,the_1,98.7125,98.299625,98.72403304,99.0615625,subject
animacy,BERT,1024,lawyers,99.91875,99.90625,99.91878106,99.93235294,subject
animacy,BERT,1024,questioned,99.94545455,99.9039,99.9452368,99.98183155,subject
animacy,BERT,1024,the_2,99.43529412,99.30766667,99.43716,99.54666667,subject
animacy,BERT,1024,judge,97.97222222,97.73333333,97.97040498,98.21878125,subject
animacy,BERT,1024_1024_1024,the_1,98.1,98.1,98.1,98.1,subject
animacy,BERT,1024_1024_1024,lawyers,99.9,99.9,99.9,99.9,subject
animacy,BERT,1024_1024_1024,questioned,100,100,100,100,subject
animacy,BERT,1024_1024_1024,the_2,99.5,99.5,99.5,99.5,subject
animacy,BERT,20_20_20,the_1,99.22068966,99.0694391,99.22155499,99.34842742,subject
animacy,BERT,20_20_20,lawyers,99.86129032,99.7955942,99.8614376,99.9,subject
animacy,BERT,20_20_20,questioned,99.99333333,99.98275862,99.99330307,100,subject
animacy,BERT,20_20_20,the_2,99.346875,99.31944444,99.34645886,99.37942647,subject
animacy,BERT,20_20_20,judge,97.95142857,97.78,97.95022714,98.1148012,subject
animacy,ELMo,1024,the_1,100,100,100,100,subject
animacy,ELMo,1024,lawyers,100,100,100,100,subject
animacy,ELMo,1024,questioned,99.94054054,99.86666667,99.93879857,99.99666935,subject
animacy,ELMo,1024,the_2,99.935,99.85554167,99.93685842,99.99473684,subject
animacy,ELMo,1024,judge,90.2625,84.88455357,90.2532555,95.64488095,subject
animacy,ELMo,1024_1024_1024,the_1,100,100,100,100,subject
animacy,ELMo,1024_1024_1024,lawyers,100,100,100,100,subject
animacy,ELMo,1024_1024_1024,questioned,100,100,100,100,subject
animacy,ELMo,1024_1024_1024,the_2,100,100,100,100,subject
animacy,ELMo,1024_1024_1024,judge,98,98,98,98,subject
animacy,ELMo,20_20_20,the_1,100,100,100,100,subject
animacy,ELMo,20_20_20,lawyers,98.8862069,98.07176416,98.89052872,99.57992647,subject
animacy,ELMo,20_20_20,questioned,99.90645161,99.77054767,99.90643036,99.9958375,subject
animacy,ELMo,20_20_20,the_2,99.93666667,99.78844697,99.93521939,100,subject
animacy,ELMo,20_20_20,judge,96.16785714,94.30573529,96.10977632,97.67342308,subject
animacy,GLoVe,1024,the_1,52.8,52.8,52.8,52.8,subject
animacy,GLoVe,1024,lawyers,83.008,76.4,82.8757111,89.10769231,subject
animacy,GLoVe,1024,questioned,52.796,52.78687978,52.7960974,52.8,subject
animacy,GLoVe,1024,the_2,52.8,52.8,52.8,52.8,subject
animacy,GLoVe,1024,judge,52.952,52.84416094,52.95474079,53.10368696,subject
animacy,GLoVe,1024_1024_1024,the_1,52.8,52.8,52.8,52.8,subject
animacy,GLoVe,1024_1024_1024,lawyers,67.904,61.46719852,67.7111069,74.25454545,subject
animacy,GLoVe,1024_1024_1024,questioned,52.738,52.58967777,52.73777857,52.8,subject
animacy,GLoVe,1024_1024_1024,the_2,52.8,52.8,52.8,52.8,subject
animacy,GLoVe,1024_1024_1024,judge,52.88,52.8,52.87990732,53.07288584,subject
animacy,GLoVe,20_20_20,the_1,52.8,52.8,52.8,52.8,subject
animacy,GLoVe,20_20_20,lawyers,74.892,68.23026316,74.8529853,81.35325725,subject
animacy,GLoVe,20_20_20,questioned,51.706,51.10768293,51.69850948,52.1951939,subject
animacy,GLoVe,20_20_20,the_2,52.8,52.8,52.8,52.8,subject
animacy,GLoVe,20_20_20,judge,55.762,55.11517349,55.75319335,56.38737904,subject
animacy,GPT,1024,the_1,52.8,52.8,52.8,52.8,subject
animacy,GPT,1024,lawyers,100,100,100,100,subject
animacy,GPT,1024,questioned,97.04411765,96.60270833,97.04336233,97.41509577,subject
animacy,GPT,1024,the_2,97.18571429,97.01903439,97.18711233,97.40486025,subject
animacy,GPT,1024,judge,92.51052632,92.01097222,92.51168044,92.89445833,subject
animacy,GPT,1024_1024_1024,the_1,52.8,52.8,52.8,52.8,subject
animacy,GPT,1024_1024_1024,lawyers,100,100,100,100,subject
animacy,GPT,1024_1024_1024,questioned,97.14,95.35,97.17058012,98.5,subject
animacy,GPT,1024_1024_1024,the_2,97.55,96.123125,97.54458393,98.9,subject
animacy,GPT,1024_1024_1024,judge,93.3,93.3,93.3,93.3,subject
animacy,GPT,20_20_20,the_1,52.8,52.8,52.8,52.8,subject
animacy,GPT,20_20_20,lawyers,99.81034483,99.41071429,99.81152126,100,subject
animacy,GPT,20_20_20,questioned,97.31666667,96.75714286,97.30580249,97.72731672,subject
animacy,GPT,20_20_20,the_2,96.8516129,95.51796627,96.83589815,97.82483883,subject
animacy,GPT,20_20_20,judge,91.70555556,91.17297436,91.71026155,92.09576087,subject
gender,BERT,1024,the_1,74.42,73.8,74.43303988,74.95,subject
gender,BERT,1024,lawyers,94.47777778,93.8621875,94.48028099,95.16666667,subject
gender,BERT,1024,questioned,74.63636364,72.44477273,74.65241231,76.65,subject
gender,BERT,1024,the_2,75.5,74.56666667,75.52162568,76.5,subject
gender,BERT,1024,judge,81.4,80.6325,81.37937603,81.92175,subject
gender,BERT,1024_1024_1024,the_1,73.6,73.6,73.6,73.6,subject
gender,BERT,1024_1024_1024,lawyers,91,91,91,91,subject
gender,BERT,1024_1024_1024,questioned,67.8,67.8,67.8,67.8,subject
gender,BERT,1024_1024_1024,the_2,71.5,71.5,71.5,71.5,subject
gender,BERT,20_20_20,the_1,73.30714286,72.86263889,73.30025146,73.76242901,subject
gender,BERT,20_20_20,lawyers,93.35882353,92.14993056,93.34402731,94.03551783,subject
gender,BERT,20_20_20,questioned,70.81785714,70.06288889,70.80849929,71.57924242,subject
gender,BERT,20_20_20,the_2,74.2027027,73.66147436,74.21783442,74.76202381,subject
gender,BERT,20_20_20,judge,81.82333333,81.3,81.84232412,82.36882591,subject
gender,ELMo,1024,lawyers,85.15,82.02385584,85.11470811,87.59569976,subject
gender,ELMo,1024,questioned,99.05555556,98.51625,99.05077767,99.59092803,subject
gender,ELMo,1024,the_2,98.05,97.7,98.04800942,98.4,subject
gender,ELMo,1024_1024_1024,lawyers,88.3,88.3,88.3,88.3,subject
gender,ELMo,1024_1024_1024,questioned,99.9,99.8,99.89962047,100,subject
gender,ELMo,1024_1024_1024,judge,67,67,67,67,subject
gender,ELMo,20_20_20,the_1,90.01666667,87.62688503,90.05651145,91.31057566,subject
gender,ELMo,20_20_20,lawyers,85.34615385,81.71473016,85.3135327,88.29131341,subject
gender,ELMo,20_20_20,questioned,99.77586207,99.56666667,99.7811653,99.95791289,subject
gender,ELMo,20_20_20,the_2,99.82413793,99.71151786,99.82056033,99.91304348,subject
gender,ELMo,20_20_20,judge,62.11666667,60.85571429,62.13112139,63.74357143,subject
gender,GLoVe,1024,the_1,45.6,45.6,45.6,45.6,subject
gender,GLoVe,1024,lawyers,93.858,88.58716257,93.76567837,97.78704448,subject
gender,GLoVe,1024,questioned,45.6,45.6,45.6,45.6,subject
gender,GLoVe,1024,the_2,45.6,45.6,45.6,45.6,subject
gender,GLoVe,1024,judge,45.6,45.6,45.6,45.6,subject
gender,GLoVe,1024_1024_1024,the_1,45.6,45.6,45.6,45.6,subject
gender,GLoVe,1024_1024_1024,lawyers,71.27,64.04030618,71.38612943,78.75236111,subject
gender,GLoVe,1024_1024_1024,questioned,45.628,45.6,45.62750532,45.69338636,subject
gender,GLoVe,1024_1024_1024,the_2,45.6,45.6,45.6,45.6,subject
gender,GLoVe,1024_1024_1024,judge,45.6,45.6,45.6,45.6,subject
gender,GLoVe,20_20_20,the_1,45.6,45.6,45.6,45.6,subject
gender,GLoVe,20_20_20,lawyers,84.3,77.75858511,84.19026772,90.7046558,subject
gender,GLoVe,20_20_20,questioned,46.68,46.3182513,46.68486086,47.06396791,subject
gender,GLoVe,20_20_20,the_2,45.6,45.6,45.6,45.6,subject
gender,GLoVe,20_20_20,judge,46.436,45.89072712,46.41966226,47.00033019,subject
gender,GPT,1024,the_1,45.6,45.6,45.6,45.6,subject
gender,GPT,1024,lawyers,100,100,100,100,subject
gender,GPT,1024,questioned,99.91052632,99.7607764,99.910555,100,subject
gender,GPT,1024,the_2,95.88,95.40619375,95.87894291,96.31925,subject
gender,GPT,1024,judge,96.375,94.5,96.32669598,97.7,subject
gender,GPT,1024_1024_1024,the_1,45.6,45.6,45.6,45.6,subject
gender,GPT,1024_1024_1024,lawyers,100,100,100,100,subject
gender,GPT,1024_1024_1024,questioned,99.725,98.9,99.72540216,100,subject
gender,GPT,1024_1024_1024,the_2,94.9,93.6,94.85553585,96.2,subject
gender,GPT,20_20_20,the_1,45.6,45.6,45.6,45.6,subject
gender,GPT,20_20_20,lawyers,99.04285714,97.43994186,99.05636194,100,subject
gender,GPT,20_20_20,questioned,100,100,100,100,subject
gender,GPT,20_20_20,the_2,96.02571429,95.64088636,96.0279344,96.315625,subject
gender,GPT,20_20_20,judge,95.37058824,94.98852381,95.35774443,95.74324324,subject
number,BERT,1024,the_1,91.31428571,89.26952381,91.3147294,93.36666667,subject
number,BERT,1024,lawyers,98.31290323,97.90566176,98.31404355,98.73667593,subject
number,BERT,1024,questioned,96.91052632,96.43430831,96.90504922,97.39792553,subject
number,BERT,1024,the_2,87.05151515,85.17811632,87.01275205,88.43737282,subject
number,BERT,1024,judge,89.19,87.38709821,89.19904697,90.95,subject
number,BERT,1024_1024_1024,the_1,92.9,92.9,92.9,92.9,subject
number,BERT,1024_1024_1024,lawyers,98.76,97.95,98.76602955,99.4855,subject
number,BERT,1024_1024_1024,questioned,97.8,97.8,97.8,97.8,subject
number,BERT,1024_1024_1024,the_2,91.7,90.3,91.75232941,93.1,subject
number,BERT,1024_1024_1024,judge,90.7,89.6,90.69540749,91.8,subject
number,BERT,20_20_20,the_1,93.26428571,93.0153,93.26130485,93.46215186,subject
number,BERT,20_20_20,lawyers,98.80322581,98.62494318,98.80689487,98.95883442,subject
number,BERT,20_20_20,questioned,97.50333333,97.15992857,97.50664242,97.80402778,subject
number,BERT,20_20_20,the_2,92.45588235,92.10232143,92.4493573,92.72382239,subject
number,BERT,20_20_20,judge,91.03,90.72711174,91.02173282,91.30811374,subject
number,ELMo,1024,the_1,100,100,100,100,subject
number,ELMo,1024,lawyers,100,100,100,100,subject
number,ELMo,1024,questioned,99.025,98.64982143,99.02892522,99.39168269,subject
number,ELMo,1024,judge,93.2,93.2,93.2,93.2,subject
number,ELMo,1024_1024_1024,the_1,100,100,100,100,subject
number,ELMo,1024_1024_1024,lawyers,100,100,100,100,subject
number,ELMo,1024_1024_1024,questioned,99.9,99.9,99.9,99.9,subject
number,ELMo,1024_1024_1024,the_2,94.2,94.2,94.2,94.2,subject
number,ELMo,1024_1024_1024,judge,91.4,91.4,91.4,91.4,subject
number,ELMo,20_20_20,the_1,100,100,100,100,subject
number,ELMo,20_20_20,lawyers,100,100,100,100,subject
number,ELMo,20_20_20,questioned,99.80277778,99.67726948,99.8051487,99.92164926,subject
number,ELMo,20_20_20,the_2,96.65384615,96.36754839,96.6469213,96.87084821,subject
number,ELMo,20_20_20,judge,92.61666667,92.31094203,92.61771377,92.88622914,subject
number,GLoVe,1024,the_1,47,47,47,47,subject
number,GLoVe,1024,lawyers,97.78,94.375,97.76205084,100,subject
number,GLoVe,1024,questioned,47.016,47,47.01585627,47.05333333,subject
number,GLoVe,1024,the_2,47,47,47,47,subject
number,GLoVe,1024,judge,47.014,47,47.0141359,47.03333333,subject
number,GLoVe,1024_1024_1024,the_1,47,47,47,47,subject
number,GLoVe,1024_1024_1024,lawyers,74.134,67.08172321,74.2845629,81.25702616,subject
number,GLoVe,1024_1024_1024,questioned,47.042,47,47.04205077,47.14653305,subject
number,GLoVe,1024_1024_1024,the_2,47,47,47,47,subject
number,GLoVe,1024_1024_1024,judge,47.132,47,47.13704668,47.36281667,subject
number,GLoVe,20_20_20,the_1,47,47,47,47,subject
number,GLoVe,20_20_20,lawyers,78.172,71.07215779,78.2051397,85.43715775,subject
number,GLoVe,20_20_20,questioned,47.504,47.30663636,47.50468763,47.72061701,subject
number,GLoVe,20_20_20,the_2,47,47,47,47,subject
number,GLoVe,20_20_20,judge,49.138,48.57661906,49.11525632,49.67055204,subject
number,GPT,1024,the_1,47,47,47,47,subject
number,GPT,1024,lawyers,80.33714286,79.18526786,80.35179985,81.52116917,subject
number,GPT,1024,questioned,96.66521739,95.04528274,96.63961619,97.71118606,subject
number,GPT,1024,the_2,92.80851064,91.70892943,92.82559164,93.73895997,subject
number,GPT,1024,judge,90.88275862,89.3725,90.89795275,92.06094783,subject
number,GPT,1024_1024_1024,the_1,47,47,47,47,subject
number,GPT,1024_1024_1024,lawyers,80.81428571,76.58333333,80.84798271,84.9,subject
number,GPT,1024_1024_1024,questioned,94.65,92.68551587,94.64494715,96.64345238,subject
number,GPT,1024_1024_1024,the_2,91.85,90.8665625,91.8503684,92.9,subject
number,GPT,1024_1024_1024,judge,92,92,92,92,subject
number,GPT,20_20_20,the_1,47,47,47,47,subject
number,GPT,20_20_20,lawyers,84.33333333,84.0742529,84.33161421,84.56832148,subject
number,GPT,20_20_20,questioned,97.65675676,97.06641892,97.64644132,98.14553613,subject
number,GPT,20_20_20,the_2,93.89090909,93.40609375,93.9064102,94.36958333,subject
number,GPT,20_20_20,judge,92.53125,91.96396889,92.52356689,92.99729167,subject
causative,BERT,1024,the_1,75.16666667,65.6,75.30132492,81.2,verb
causative,BERT,1024,lawyers,75.92857143,71.71625,75.87284165,80.14025,verb
causative,BERT,1024,questioned,80.8,78.22898897,80.801351,83.33034375,verb
causative,BERT,1024,the_2,77.29333333,74.47014286,77.33759767,80.04570707,verb
causative,BERT,1024,judge,78.36111111,76.25326923,78.33432536,80.53190058,verb
causative,BERT,1024_1024_1024,lawyers,78,76.2,77.95438041,79.8,verb
causative,BERT,1024_1024_1024,judge,81.4,81.4,81.4,81.4,verb
causative,BERT,20_20_20,the_1,79.93548387,79.22302164,79.93505443,80.59268162,verb
causative,BERT,20_20_20,lawyers,77.525,76.34615385,77.5527867,78.73250931,verb
causative,BERT,20_20_20,questioned,83.42424242,82.90412348,83.42612703,83.87233333,verb
causative,BERT,20_20_20,the_2,79.6516129,78.86324545,79.63578816,80.31075893,verb
causative,BERT,20_20_20,judge,82.48275862,81.82893145,82.48094348,83.09614583,verb
causative,ELMo,1024,questioned,93.18,92.4343679,93.18628899,93.82573133,verb
causative,ELMo,1024,the_2,87.6826087,84.99275503,87.76795776,90.60014706,verb
causative,ELMo,1024,judge,82.96153846,80.65,82.94351328,85.32225,verb
causative,ELMo,1024_1024_1024,lawyers,78.3,78.3,78.3,78.3,verb
causative,ELMo,1024_1024_1024,questioned,93.325,90.7,93.37412329,94.3,verb
causative,ELMo,1024_1024_1024,the_2,89.23333333,88.7,89.23135754,89.6,verb
causative,ELMo,1024_1024_1024,judge,90.1,90.1,90.1,90.1,verb
causative,ELMo,20_20_20,the_1,90.71666667,90.64283835,90.71737215,90.79131341,verb
causative,ELMo,20_20_20,lawyers,76.5483871,76.06185653,76.54046492,77.06778922,verb
causative,ELMo,20_20_20,questioned,93.11176471,92.11072804,93.11213036,93.98339286,verb
causative,ELMo,20_20_20,the_2,90.70714286,89.32065341,90.7126891,91.90410833,verb
causative,ELMo,20_20_20,judge,87.06666667,86.41174837,87.05729628,87.59096395,verb
causative,GLoVe,1024,the_1,49.6,49.6,49.6,49.6,verb
causative,GLoVe,1024,lawyers,49.59,49.56737319,49.59033286,49.6,verb
causative,GLoVe,1024,questioned,98.238,95.83272304,98.22021053,99.59072036,verb
causative,GLoVe,1024,the_2,49.6,49.6,49.6,49.6,verb
causative,GLoVe,1024,judge,49.6,49.6,49.6,49.6,verb
causative,GLoVe,1024_1024_1024,the_1,49.6,49.6,49.6,49.6,verb
causative,GLoVe,1024_1024_1024,lawyers,49.6,49.6,49.6,49.6,verb
causative,GLoVe,1024_1024_1024,questioned,76.768,70.88095885,76.95323706,82.65709211,verb
causative,GLoVe,1024_1024_1024,the_2,49.6,49.6,49.6,49.6,verb
causative,GLoVe,1024_1024_1024,judge,49.6,49.6,49.6,49.6,verb
causative,GLoVe,20_20_20,the_1,49.6,49.6,49.6,49.6,verb
causative,GLoVe,20_20_20,lawyers,49.962,49.75595417,49.96005543,50.21524605,verb
causative,GLoVe,20_20_20,questioned,79.692,72.62102022,79.52580718,85.9202381,verb
causative,GLoVe,20_20_20,the_2,49.6,49.6,49.6,49.6,verb
causative,GLoVe,20_20_20,judge,49.9,49.60909091,49.89128356,50.16670833,verb
causative,GPT,1024,the_1,49.6,49.6,49.6,49.6,verb
causative,GPT,1024,lawyers,49.6,49.6,49.6,49.6,verb
causative,GPT,1024,questioned,79.41142857,78.95875,79.39666426,79.8615625,verb
causative,GPT,1024,the_2,84.95106383,84.74715336,84.94341224,85.15854056,verb
causative,GPT,1024,judge,85.2452381,84.69967105,85.23774831,85.79601379,verb
causative,GPT,1024_1024_1024,the_1,49.6,49.6,49.6,49.6,verb
causative,GPT,1024_1024_1024,lawyers,49.6,49.6,49.6,49.6,verb
causative,GPT,1024_1024_1024,questioned,77.78888889,75.93325,77.72643059,79.58,verb
causative,GPT,1024_1024_1024,the_2,84.93,83.639625,84.95642565,86.24511905,verb
causative,GPT,1024_1024_1024,judge,85.94,84.4,85.93816556,87.1,verb
causative,GPT,20_20_20,the_1,49.6,49.6,49.6,49.6,verb
causative,GPT,20_20_20,lawyers,49.52,49.46798478,49.52002132,49.55625679,verb
causative,GPT,20_20_20,questioned,80.14333333,79.77822101,80.13787577,80.46899814,verb
causative,GPT,20_20_20,the_2,84.96571429,84.70881723,84.96826157,85.20357143,verb
causative,GPT,20_20_20,judge,83.44545455,83.04985,83.44755881,83.78973684,verb
dynamic,BERT,1024,the_1,83.6,83.17137363,83.58560882,84.0125,verb
dynamic,BERT,1024,lawyers,83.73846154,82.35988889,83.74863763,85.13140625,verb
dynamic,BERT,1024,questioned,83.8,83.474725,83.80106989,84.17276623,verb
dynamic,BERT,1024,the_2,81.12857143,80.53622378,81.12211487,81.75474432,verb
dynamic,BERT,1024,judge,80.78421053,80.24424242,80.78414801,81.31693182,verb
dynamic,BERT,1024_1024_1024,lawyers,81.15,80.1,81.17543153,82.2,verb
dynamic,BERT,1024_1024_1024,judge,79,79,79,79,verb
dynamic,BERT,20_20_20,the_1,80.47741935,80.02900645,80.48408454,80.96,verb
dynamic,BERT,20_20_20,lawyers,80.82285714,80.49166071,80.82354625,81.20007143,verb
dynamic,BERT,20_20_20,questioned,84.4516129,84.03423502,84.44577286,84.83116771,verb
dynamic,BERT,20_20_20,the_2,77.89166667,77.48291248,77.88495728,78.26579108,verb
dynamic,BERT,20_20_20,judge,79.659375,79.3,79.65369676,79.9966875,verb
dynamic,ELMo,1024,the_1,89.72222222,88.66583333,89.71187812,90.63375,verb
dynamic,ELMo,1024,lawyers,82.8,80.85,82.84647206,84.82,verb
dynamic,ELMo,1024,questioned,89.00416667,87.90251023,89.00905572,89.9461875,verb
dynamic,ELMo,1024,the_2,82.32608696,81.96153846,82.33053143,82.67146978,verb
dynamic,ELMo,1024,judge,74.8,73.77978571,74.80692326,75.71257212,verb
dynamic,ELMo,1024_1024_1024,the_1,90.54,89.45,90.52520486,91.6,verb
dynamic,ELMo,1024_1024_1024,lawyers,87.7,87.7,87.7,87.7,verb
dynamic,ELMo,1024_1024_1024,questioned,87.10909091,83.1195,87.08023811,90.34675,verb
dynamic,ELMo,1024_1024_1024,the_2,83.84545455,83.18745536,83.87702629,84.53008333,verb
dynamic,ELMo,1024_1024_1024,judge,72.2,71.1,72.17719948,74,verb
dynamic,ELMo,20_20_20,the_1,90.73076923,90.4123875,90.72933628,91.040939,verb
dynamic,ELMo,20_20_20,lawyers,84.944,84.48945906,84.94011571,85.32610786,verb
dynamic,ELMo,20_20_20,questioned,89.87567568,89.17138704,89.88254229,90.48527885,verb
dynamic,ELMo,20_20_20,the_2,80.425,79.59422027,80.40728108,81.3834375,verb
dynamic,ELMo,20_20_20,judge,74.4,74.1775,74.40050959,74.6404778,verb
dynamic,GLoVe,1024,the_1,50.9,50.9,50.9,50.9,verb
dynamic,GLoVe,1024,lawyers,50.914,50.9,50.91368138,50.94309375,verb
dynamic,GLoVe,1024,questioned,78.684,76.39519722,78.62541798,80.49119886,verb
dynamic,GLoVe,1024,the_2,50.9,50.9,50.9,50.9,verb
dynamic,GLoVe,1024,judge,50.952,50.89111111,50.95116713,51.02542539,verb
dynamic,GLoVe,1024_1024_1024,the_1,50.9,50.9,50.9,50.9,verb
dynamic,GLoVe,1024_1024_1024,lawyers,50.9,50.9,50.9,50.9,verb
dynamic,GLoVe,1024_1024_1024,questioned,67.836,63.9979144,67.8951542,71.86473864,verb
dynamic,GLoVe,1024_1024_1024,the_2,50.9,50.9,50.9,50.9,verb
dynamic,GLoVe,1024_1024_1024,judge,50.928,50.9,50.92949741,50.99545455,verb
dynamic,GLoVe,20_20_20,the_1,50.9,50.9,50.9,50.9,verb
dynamic,GLoVe,20_20_20,lawyers,49.598,49.18473756,49.59913091,50.00846154,verb
dynamic,GLoVe,20_20_20,questioned,72.1,68.00018962,72.06199064,75.79190193,verb
dynamic,GLoVe,20_20_20,the_2,50.9,50.9,50.9,50.9,verb
dynamic,GLoVe,20_20_20,judge,51.056,50.91350901,51.05808034,51.21879145,verb
dynamic,GPT,1024,the_1,50.9,50.9,50.9,50.9,verb
dynamic,GPT,1024,lawyers,50.9,50.9,50.9,50.9,verb
dynamic,GPT,1024,questioned,79.58648649,78.54117647,79.58943956,80.52232143,verb
dynamic,GPT,1024,the_2,83.24583333,83.01551754,83.246914,83.49130745,verb
dynamic,GPT,1024,judge,83.77894737,83.46816477,83.78582992,84.06472285,verb
dynamic,GPT,1024_1024_1024,the_1,50.9,50.9,50.9,50.9,verb
dynamic,GPT,1024_1024_1024,lawyers,50.9,50.9,50.9,50.9,verb
dynamic,GPT,1024_1024_1024,questioned,79.08571429,76.93333333,79.16573505,81.2,verb
dynamic,GPT,1024_1024_1024,the_2,82.77857143,81.98571429,82.78226484,83.66400974,verb
dynamic,GPT,1024_1024_1024,judge,80.07777778,77.49964286,80.05300284,82.11847727,verb
dynamic,GPT,20_20_20,the_1,50.9,50.9,50.9,50.9,verb
dynamic,GPT,20_20_20,lawyers,50.702,50.51420201,50.70000938,50.86877038,verb
dynamic,GPT,20_20_20,questioned,81.43,80.32402242,81.43682628,82.43245495,verb
dynamic,GPT,20_20_20,the_2,82.85675676,82.66838492,82.86133999,83.03529886,verb
dynamic,GPT,20_20_20,judge,83.50789474,83.15399875,83.51470829,83.8814438,verb
tense,BERT,1024,the_1,96.08888889,95.42267633,96.09012102,96.74345968,verb
tense,BERT,1024,lawyers,97.11935484,96.75164532,97.12337558,97.48679167,verb
tense,BERT,1024,questioned,97.34571429,97.13136866,97.34671945,97.62758621,verb
tense,BERT,1024,the_2,94.95909091,94.27730392,94.95119123,95.75003788,verb
tense,BERT,1024,judge,94.49285714,93.976875,94.48579667,95.10045455,verb
tense,BERT,1024_1024_1024,the_1,97.575,94.975,97.56172426,100,verb
tense,BERT,1024_1024_1024,lawyers,97.37142857,96.19857143,97.32836758,98.735,verb
tense,BERT,1024_1024_1024,questioned,97.47142857,96.3,97.47972362,99.025,verb
tense,BERT,1024_1024_1024,the_2,98.23333333,94.7,98.17660746,100,verb
tense,BERT,1024_1024_1024,judge,96.08,93.1475,95.95234448,100,verb
tense,BERT,20_20_20,the_1,96.9625,96.6275447,96.96820538,97.32354462,verb
tense,BERT,20_20_20,lawyers,97.53142857,97.35554598,97.53477061,97.78334459,verb
tense,BERT,20_20_20,questioned,97.49714286,97.29130115,97.5027648,97.76221067,verb
tense,BERT,20_20_20,the_2,95.325,94.97927203,95.33463849,95.80502652,verb
tense,BERT,20_20_20,judge,94.23428571,93.81343883,94.23961742,94.80365456,verb
tense,ELMo,1024,the_1,99.12307692,98.10828125,99.12733694,99.65625,verb
tense,ELMo,1024,lawyers,95.975,93.81392857,95.97271607,98.02742424,verb
tense,ELMo,1024,questioned,99.79375,99.35609756,99.78717674,99.99804194,verb
tense,ELMo,1024,the_2,98.975,97.12,98.94267958,100,verb
tense,ELMo,1024,judge,97.46,93.46666667,97.54509453,100,verb
tense,ELMo,1024_1024_1024,the_1,99.63333333,99.179375,99.63749055,100,verb
tense,ELMo,1024_1024_1024,lawyers,96.8625,94.61392857,96.89304814,98.85583333,verb
tense,ELMo,1024_1024_1024,questioned,99.86551724,99.55769231,99.86580081,100,verb
tense,ELMo,1024_1024_1024,the_2,100,100,100,100,verb
tense,ELMo,1024_1024_1024,judge,100,100,100,100,verb
tense,ELMo,20_20_20,the_1,98.76666667,98.02276648,98.78046094,99.38393057,verb
tense,ELMo,20_20_20,lawyers,97.11764706,96.05550595,97.0896998,97.91846053,verb
tense,ELMo,20_20_20,questioned,99.06969697,98.3565625,99.06442142,99.70009259,verb
tense,ELMo,20_20_20,the_2,99.90322581,99.77185232,99.90379356,99.98500463,verb
tense,ELMo,20_20_20,judge,98.2,97.48460227,98.18803193,98.79602647,verb
tense,GLoVe,1024,the_1,48.92156863,47.9,48.91279311,51.37530682,verb
tense,GLoVe,1024,lawyers,49,47.92264151,48.93045261,51.42141135,verb
tense,GLoVe,1024,questioned,88.52941176,88.3,88.52322119,89.01669962,verb
tense,GLoVe,1024,the_2,48.92156863,47.9,48.91190735,51.22642588,verb
tense,GLoVe,1024,judge,48.92745098,47.88301887,48.89100919,51.24622776,verb
tense,GLoVe,1024_1024_1024,the_1,48.92156863,47.9,48.87039854,51.49310345,verb
tense,GLoVe,1024_1024_1024,lawyers,48.92156863,47.9,48.88705652,51.45227273,verb
tense,GLoVe,1024_1024_1024,questioned,77.11960784,71.97085526,77.16332305,82.06898958,verb
tense,GLoVe,1024_1024_1024,the_2,48.92156863,47.9,48.9068167,51.45227273,verb
tense,GLoVe,1024_1024_1024,judge,48.92156863,47.9,48.89948564,51.37480508,verb
tense,GLoVe,20_20_20,the_1,49.6627451,48.28181818,49.68967725,52.12095881,verb
tense,GLoVe,20_20_20,lawyers,50.86666667,49.53838889,50.86193294,53.44779221,verb
tense,GLoVe,20_20_20,questioned,72.59411765,67.62680967,72.69843448,78.04385536,verb
tense,GLoVe,20_20_20,the_2,49.82745098,48.45466485,49.86560973,52.11637121,verb
tense,GLoVe,20_20_20,judge,50.24117647,48.94078429,50.23038854,52.5343617,verb
tense,GPT,1024,the_1,48.92156863,47.9,48.87784129,51.49310345,verb
tense,GPT,1024,lawyers,48.92156863,47.9,48.93236784,51.22733927,verb
tense,GPT,1024,questioned,86.31724138,84.64384654,86.3696519,87.99273438,verb
tense,GPT,1024,the_2,93.22368421,92.44130521,93.21935418,93.93684497,verb
tense,GPT,1024,judge,94.28888889,93.57690476,94.30088773,95.2636631,verb
tense,GPT,1024_1024_1024,the_1,48.92156863,47.9,48.88338437,51.43270512,verb
tense,GPT,1024_1024_1024,lawyers,48.92156863,47.9,48.89482746,51.37333333,verb
tense,GPT,1024_1024_1024,questioned,93.9,87.8,93.77187865,100,verb
tense,GPT,1024_1024_1024,the_2,93.73333333,88.7,93.6659603,100,verb
tense,GPT,1024_1024_1024,judge,97.45,94.9,97.39164095,100,verb
tense,GPT,20_20_20,the_1,50.15686275,48.75710317,50.15477806,52.73193614,verb
tense,GPT,20_20_20,lawyers,50.89803922,49.50469841,50.91803796,53.52368319,verb
tense,GPT,20_20_20,questioned,87.67948718,86.51783784,87.66985766,88.8075152,verb
tense,GPT,20_20_20,the_2,94.13783784,93.55754941,94.1270279,94.7125625,verb
tense,GPT,20_20_20,judge,94.49444444,94.10598485,94.49331348,94.93139732,verb